species_code,season,region_type,region_code,region_name,n_cells,abd_ppy_median,abd_ppy_lower,abd_ppy_upper,abd_trend_median,abd_trend_lower,abd_trend_upper
rethaw,breeding,country,BHS,The Bahamas,17,-1.242761054600625,-2.5410459495541646,0.31261966102945293,-11.755144913212211,-22.69324189239078,3.170544229013861
rethaw,breeding,country,BLZ,Belize,3,-0.4456056986197533,-1.585311588187445,1.3597212308333195,-4.367756530418243,-14.768679305535136,14.460087715276092
rethaw,breeding,country,CAN,Canada,7572,-1.515815620016399,-1.9816878055927671,-0.5739289591070349,-14.164898410468318,-18.13991335484725,-5.593308047720036
rethaw,breeding,country,CRI,Costa Rica,34,1.5298222088609483,-0.802872598216776,3.9179064231546503,16.395517840438757,-7.744777997701835,46.86012266374242
rethaw,breeding,country,CUB,Cuba,160,-1.55735340032126,-1.9404589226878977,-0.1277709201297253,-14.526239695792476,-17.794937477058635,-1.2703877427489685
rethaw,breeding,country,DOM,Dominican Republic,68,-0.01539081258610683,-0.855978577174026,1.7854275696905255,-0.15380157489759405,-8.237485586437165,19.35924229261239
rethaw,breeding,country,GTM,Guatemala,99,-0.4886555638703126,-2.3667055272305024,2.249721506562857,-4.780491016908261,-21.299146723439225,24.91694029225664
rethaw,breeding,country,HND,Honduras,123,0.6001502484938104,-1.4025053125913098,2.3539482359656043,6.166205017448001,-13.172199689118557,26.19611914589155
rethaw,breeding,country,HTI,Haiti,47,0.0268284343236299,-0.6280182714123541,0.6971541204063698,0.2686084692667512,-6.105639502181582,7.194367970435556
rethaw,breeding,country,JAM,Jamaica,18,0.0667912154500841,-0.8837298383088027,0.8128873185854054,0.6699232141115674,-8.494013441775705,8.432765119751885
rethaw,breeding,country,MEX,Mexico,2498,-0.2298434442455694,-0.8131198330446536,1.0311117405610457,-2.274806960071274,-7.840034948317054,10.8029491166999
rethaw,breeding,country,NIC,Nicaragua,61,0.39328137022904064,-0.2777863529984105,2.158828016363514,4.003150303227931,-2.743395143108973,23.81093970369037
rethaw,breeding,country,PAN,Panama,12,0.9979416480858574,-1.570451356155668,3.856563809006232,10.43970271380077,-14.63989587165596,45.99550834032576
rethaw,breeding,country,PRI,Puerto Rico,17,0.7306251134249833,-0.635475487744718,1.3865039583242205,7.55120758501544,-6.176077279766245,14.762890542814633
rethaw,breeding,country,SLV,El Salvador,36,0.20598806673072328,-1.1616282910454672,1.0096564731340345,2.0790799175254504,-11.027494426453332,10.567869415377997
rethaw,breeding,country,USA,United States,12231,-0.6019539593989021,-0.9651451835077162,-0.18260836671935377,-5.8590727696132046,-9.242882813192256,-1.811150887877211
rethaw,breeding,country,VGB,British Virgin Islands,2,-0.1314871505582096,-1.5259791610659796,4.103488644112289,-1.3071187302403198,-14.253438876054169,49.50400787733742
rethaw,breeding,country,VIR,United States Virgin Islands,2,-0.23585986159026673,-1.737623541379044,1.466090937898333,-2.3337219746693005,-16.07861693468867,15.666952037675696
rethaw,breeding,rangewide,rangewide,Range-wide,22769,-0.6204606172367051,-1.018510986612833,-0.3193113905699043,-6.034204475324135,-9.73075134236565,-3.147620520027772
rethaw,breeding,state,BHS-5010,City of Freeport,1,-0.7687683850598261,-2.789436647043748,0.7252061616965163,-7.427111149248267,-24.64109149413932,7.493362840020801
rethaw,breeding,state,BHS-5011,West Grand Bahama,3,-0.9305411177228788,-2.574582466715866,0.9427840715752756,-8.925266560019995,-22.958849963979933,9.838043159201648
rethaw,breeding,state,BHS-5012,East Grand Bahama,3,-0.5812659976597842,-4.377401850010767,0.0534465196547791,-5.662951307405962,-36.08461683210869,0.5357524690301929
rethaw,breeding,state,BHS-5014,North Abaco,3,-1.52749790615164,-4.11610232392327,0.7171212940864422,-14.266662478531025,-34.3164226786857,7.407112754246348
rethaw,breeding,state,BHS-5015,Central Abaco,4,-0.19662502725219644,-2.0741658988258096,0.9607730943161924,-1.9489435503587729,-18.908974216484765,10.033942685333352
rethaw,breeding,state,BHS-5016,South Abaco,2,-2.1695830805374996,-4.4798498825217195,1.095504877191701,-19.69565513160816,-36.766100720660376,11.511191163377132
rethaw,breeding,state,BHS-5019,North Andros,6,-1.1602631496982585,-2.1533882152016197,0.4512069976357569,-11.015204908379529,-19.56262009855848,4.6047955399945995
rethaw,breeding,state,BHS-5020,Central Andros,4,-0.7748309231442797,-2.7105573777304866,0.18110919769066763,-7.483653064878382,-24.02737139556401,1.8259237327590936
rethaw,breeding,state,BHS-5021,Mangrove Cay,1,-0.3552085234118676,-3.93353103693761,1.3743603752544735,-3.4958418255088386,-33.05497934907874,14.625507190137842
rethaw,breeding,state,BLZ-1356,Toledo,3,-0.4456056946505631,-1.585311585800568,1.3597212407065666,-4.367756492290075,-14.768679284863753,14.46008782676924
rethaw,breeding,state,CAN-AB,Alberta,1053,-1.1305101591897144,-2.0213064703400105,-0.37503307799093866,-10.74697746033616,-18.47018783387241,-3.687667209907375
rethaw,breeding,state,CAN-BC,British Columbia,1484,-1.8471301332911312,-2.795126636741799,-0.8558028760437015,-17.00918615925002,-24.6851894268741,-8.23585937581457
rethaw,breeding,state,CAN-MB,Manitoba,961,-1.6436764340544312,-2.536531853415267,-0.41851564482270776,-15.272796967063664,-22.657427545033936,-4.1072097955909275
rethaw,breeding,state,CAN-NB,New Brunswick,129,0.25693609137659756,-0.5929126619286159,1.6984729744285108,2.599272644769268,-5.773406638048472,18.343475492044647
rethaw,breeding,state,CAN-NL,Newfoundland and Labrador,157,-1.7297519424030376,-3.3808364630085146,-0.5362407096027966,-16.0113649830251,-29.102204175318725,-5.2348408771032195
rethaw,breeding,state,CAN-NS,Nova Scotia,100,-0.9980400837005502,-2.422878496324978,1.2927459586653725,-9.543886730572629,-21.7507787509036,13.706016862628534
rethaw,breeding,state,CAN-NT,Northwest Territories,114,-1.826995764004228,-3.7749366587815136,-0.710711050513722,-16.83878757532612,-31.941549616954138,-6.884065640756065
rethaw,breeding,state,CAN-NU,Nunavut,16,-1.4996206655354365,-3.246736951597712,1.0323157991704783,-14.023644799072576,-28.11203212129608,10.816154989392768
rethaw,breeding,state,CAN-ON,Ontario,1281,-2.0801491812557575,-2.9486571369466414,-0.9601422526464602,-18.95850732820552,-25.866331897716694,-9.197024734751936
rethaw,breeding,state,CAN-PE,Prince Edward Island,15,-1.549172779835062,-2.6889414181464315,-0.9152031471166776,-14.455184116293465,-23.858405049158215,-8.784166042074693
rethaw,breeding,state,CAN-QC,Québec,1239,-1.429412979740926,-2.8085520994678057,-0.1823295978890904,-13.408865586797136,-24.78914594048588,-1.8084086468543312
rethaw,breeding,state,CAN-SK,Saskatchewan,1005,-0.42616521388272266,-1.423644031273137,0.4524081152127386,-4.180846477156686,-13.35817385508722,4.617304042684478
rethaw,breeding,state,CAN-YT,Yukon,663,-1.3302465515891844,-3.523884754067138,-0.27031916337071377,-12.533765516233542,-30.144906810003143,-2.670544948088305
rethaw,breeding,state,CRI-1327,Cartago,10,1.2182455507233845,-1.5314692520796336,4.040618035285096,12.872476191654346,-14.301232023289522,48.603566899569216
rethaw,breeding,state,CRI-1328,Heredia,2,1.7811559808777666,-0.4833599659023506,3.6901307721555527,19.309160729729236,-4.729806845098095,43.67268961624451
rethaw,breeding,state,CRI-1329,Limón,11,0.7107079822169344,-2.3378800825446806,4.718105992815509,7.338739278712003,-21.06647983467861,58.56881712708957
rethaw,breeding,state,CRI-1330,Puntarenas,15,1.496259345847272,-1.2550878089321391,3.256995436579978,16.01131933031961,-11.865229184476222,37.78274674423485
rethaw,breeding,state,CRI-1331,San José,13,1.6430943047013458,-1.082410008317178,4.2131614464382885,17.700627274234293,-10.31180835786538,51.08651718178293
rethaw,breeding,state,CRI-1333,Alajuela,13,0.4438912246787887,-1.205561759296925,4.097201907484601,4.528637751066156,-11.42218540088541,49.41374798708718
rethaw,breeding,state,CRI-1334,Guanacaste,7,0.45276251964835273,-1.008475999389546,2.265553230822535,4.620995086626589,-9.639192390693651,25.110488893383582
rethaw,breeding,state,CUB-1319,Cienfuegos,11,-1.9592734865132972,-2.360303509628714,-0.949382147145978,-17.952527209512958,-21.24752571155195,-9.098324329409346
rethaw,breeding,state,CUB-1320,Isla de la Juventud,6,-1.957117716761149,-3.2303947522621725,-0.8492223895493642,-17.934484405371588,-27.990516752208272,-8.174934672705858
rethaw,breeding,state,CUB-1321,Pinar del Río,14,-1.843320062444231,-2.508106512713944,-1.2766548556682558,-16.976965387670617,-22.43156070242065,-12.057536773157109
rethaw,breeding,state,CUB-1322,Sancti Spíritus,17,-1.6707536192756225,-2.478246306696946,-0.7727634073930781,-15.505759532876985,-22.19365327399099,-7.464373990573748
rethaw,breeding,state,CUB-1363,Ciego de Ávila,16,-1.9509604782912433,-3.039712524621938,-0.5456440645284695,-17.882931476478614,-26.558938650355536,-5.324394240113617
rethaw,breeding,state,CUB-1364,Camagüey,31,-1.6856558502351229,-2.0857095744167737,-0.3819806774445237,-15.633726983439477,-19.004515101529375,-3.754811981118278
rethaw,breeding,state,CUB-1365,Guantánamo,14,0.03196485340984441,-1.1016331268709565,2.1606355415251626,0.3201087145735526,-10.485951278017492,23.83284766917999
rethaw,breeding,state,CUB-1366,Granma,18,-1.0599213033615742,-1.703089959570048,0.6391663988891979,-10.107695416453431,-15.78321459654648,6.5786729186223525
rethaw,breeding,state,CUB-1367,Holguín,26,-0.792023385410861,-1.5301139853855148,0.5515099069811947,-7.6438285737442495,-14.28943618569255,5.654005045125898
rethaw,breeding,state,CUB-1368,Las Tunas,17,-1.6904750362662118,-2.3947284192858462,-0.4796763215732252,-15.675072638164956,-21.52474386044406,-4.694536364862967
rethaw,breeding,state,CUB-1369,Santiago de Cuba,18,-0.8526816638075252,-1.6214227633056697,0.4542971558662218,-8.206966516135195,-15.080901613158748,4.636979336574321
rethaw,breeding,state,CUB-1428,Ciudad de la Habana,3,-1.016218348182667,-1.4721184086742325,-0.18487141361921144,-9.709840733433484,-13.783288675635408,-1.8334098648057573
rethaw,breeding,state,CUB-1429,Artemisa,7,-0.722487314728077,-2.4106482593505727,-0.09427239098452668,-6.994447413227556,-21.65264647752661,-0.9387346695173716
rethaw,breeding,state,CUB-1430,Matanzas,22,-1.9280971564719591,-2.6874637758917244,-0.7801334448159885,-17.691247777441,-23.846842362661256,-7.533081247799489
rethaw,breeding,state,CUB-1431,Villa Clara,19,-1.9311717109233697,-2.513196456925064,-0.741338083607674,-17.71704793379102,-22.47204881569497,-7.1708951131336125
rethaw,breeding,state,CUB-5489,Mayabeque,10,-1.8105737427392417,-2.972543724592478,-0.6006322179565482,-16.699573779090727,-26.048590106346083,-5.846553669301457
rethaw,breeding,state,DOM-1390,Santiago,10,1.2686784666929083,-0.23588241189299727,3.55370168525709,13.436136286094902,-2.3339427355451248,41.79348615404612
rethaw,breeding,state,DOM-1391,Santiago Rodríguez,7,1.1788944067958531,-0.2865088709588332,2.483554578483123,12.43442290906649,-2.828430224469991,27.80322186034887
rethaw,breeding,state,DOM-1392,Valverde,6,-0.07411245731355434,-2.431776488177687,0.9424528748135874,-0.7386577563486818,-21.822104414118037,9.834439388269978
rethaw,breeding,state,DOM-1393,San Juan,13,-0.2564938353891386,-1.19996846980532,2.300359073802752,-2.5355348522883125,-11.372023912973518,25.536952278621538
rethaw,breeding,state,DOM-1394,Santo Domingo,3,1.5000820223500004,-1.470972341456642,2.074176184968913,16.055020341252792,-13.773259502461444,22.78882267415341
rethaw,breeding,state,DOM-1395,Sánchez Ramírez,5,0.3731670854402289,-1.735218063563639,1.4617252253102124,3.794962676723057,-16.058070590077545,15.617194438477425
rethaw,breeding,state,DOM-1396,San Pedro de Macorís,3,0.16145736314479706,-1.3090863649360918,1.6409810743631423,1.6263550978614427,-12.346008993762435,17.676158787830975
rethaw,breeding,state,DOM-1964,Monte Cristi,7,-0.8687245831955944,-1.6138438019061463,-0.1355904621239182,-8.355387718458562,-15.015458327457845,-1.347661315935067
rethaw,breeding,state,DOM-1965,Puerto Plata,6,0.4454188691467309,-0.2862354585273528,1.7870625982254296,4.544536530216137,-2.825765766262356,19.37841693079811
rethaw,breeding,state,DOM-1966,Dajabón,5,-0.02437662460521868,-0.9010677661208416,1.4693437302961518,-0.24349902087670297,-8.65395448028805,15.70403781284897
rethaw,breeding,state,DOM-1967,Espaillat,5,0.32827576361077004,-1.5156276545470018,3.2056336927176083,3.3316788437317557,-14.163260160242364,37.09892453298056
rethaw,breeding,state,DOM-1968,Hermanas,5,0.9021641557430452,-2.1143031804587635,1.9907639100160317,9.396848518262392,-19.24073311451281,21.78910714055768
rethaw,breeding,state,DOM-1969,Bahoruco,6,-0.8912215877714197,-1.6792895601858129,0.937427618128132,-8.563155147335522,-15.579080156024505,9.779772337723248
rethaw,breeding,state,DOM-1970,Barahona,5,-0.05958372396176405,-0.6015286201018699,1.4332549746298735,-0.5942421763242223,-5.8550442591477125,15.293180902381632
rethaw,breeding,state,DOM-1971,Independencia,8,-0.5106373564973519,-1.669122606638043,1.3188651246871852,-4.990619431999299,-15.4917432085253,13.999557613347967
rethaw,breeding,state,DOM-1972,La Estrelleta,9,0.365861372727656,-0.5531082599477392,2.1467549687761256,3.719439717735296,-5.395425679280985,23.664698726252055
rethaw,breeding,state,DOM-1973,Pedernales,4,0.2611115701683009,-0.8886958962199011,2.0373439164979006,2.642010973047393,-8.539850677644733,22.34647237015683
rethaw,breeding,state,DOM-1974,Azua,8,-0.4274449764908791,-1.286492387994338,1.7509011875911689,-4.193160824411779,-12.145129934376708,18.954984228140948
rethaw,breeding,state,DOM-1975,La Vega,9,0.6349495012384243,-1.11540872042426,2.6532524447033228,6.534023639581643,-10.610557634751528,29.935296034047965
rethaw,breeding,state,DOM-1976,Monseñor Nouel,6,0.357250427127954,-2.0093799624664173,2.8346599752682424,3.630487388431236,-18.370890863019905,32.24984265567252
rethaw,breeding,state,DOM-1977,Peravia,2,-0.11349851750953864,-2.48448060204044,1.685548229665044,-1.129205824167001,-22.24337840811197,18.19316008297298
rethaw,breeding,state,DOM-1978,San José de Ocoa,5,0.4304294817961388,-2.79384704040922,3.977918782800926,4.388630301653884,-24.675274464677,47.71044402836109
rethaw,breeding,state,DOM-1979,Duarte,7,0.9945403008181932,-2.324471500966383,2.275731557289873,10.402515138302926,-20.9580405863765,25.235065140815948
rethaw,breeding,state,DOM-1980,Hato Mayor,4,-0.40115121770435536,-1.7885960637375045,2.7869782812264243,-3.9398663803344336,-16.512935035026153,31.637913239261817
rethaw,breeding,state,DOM-1981,Monte Plata,9,0.01093496570680821,-1.5130877180786988,1.9415608915047848,0.1094034808252431,-14.141120082083123,21.202838424200586
rethaw,breeding,state,DOM-1982,María Trinidad Sánchez,5,-0.4061416469731267,-1.5073433133084473,1.0466990958484652,-3.987986738626737,-14.09102838764088,10.974017661171608
rethaw,breeding,state,DOM-1983,Samaná,3,0.03477242933107445,-1.7949598608830188,0.8784511676379765,0.3482689029758568,-16.567016316118675,9.140027021306029
rethaw,breeding,state,DOM-1984,San Cristóbal,5,0.2275676977489237,-1.8743038934365055,2.9324545877840693,2.299123138641579,-17.238661362708395,33.512919736496926
rethaw,breeding,state,DOM-1985,Distrito Nacional,1,0.3011962381597937,-1.1523976091646058,1.545569252505017,3.0531156356871536,-10.944366576530197,16.576170680382706
rethaw,breeding,state,DOM-1986,El Seybo,6,-0.5020789588787552,-2.3948399107862564,1.196692773217921,-4.908857636305153,-21.52564025455659,12.632362796716912
rethaw,breeding,state,DOM-1987,La Altagracia,4,-1.0099707128887996,-2.1775884373791525,0.07686671471036977,-9.652835411493951,-19.76134311355282,0.7713314257615123
rethaw,breeding,state,DOM-1988,La Romana,2,-1.447886291362496,-2.6979312563431876,-0.715338406041216,-13.571010977402642,-23.928717317597425,-6.9274530176246625
rethaw,breeding,state,GTM-1942,Baja Verapaz,12,-0.08364101105817834,-2.9630817434334213,2.998437538312607,-0.8332690035337209,-25.976442075516392,34.37125274489823
rethaw,breeding,state,GTM-1943,Huehuetenango,19,-0.7351734610982553,-2.842488218524564,2.4140332351835605,-7.113225954682878,-25.051345739902377,26.938890233240787
rethaw,breeding,state,GTM-1944,Petén,4,-0.22714558444941044,-1.5158754944293122,1.5714785392068915,-2.2483781197773056,-14.16542025184686,16.873955778927694
rethaw,breeding,state,GTM-1945,Quezaltenango,9,-0.6865384354711894,-2.1546270303085473,1.3985906205727852,-6.657120398755567,-19.57280352366766,14.899777071624843
rethaw,breeding,state,GTM-1946,Retalhuleu,4,-0.17334204863846175,-1.0723730291175335,1.905719929678836,-1.7199614394294738,-10.220761895684197,20.777382907065565
rethaw,breeding,state,GTM-1947,San Marcos,9,-1.2785559092996563,-2.7997198762920186,2.642999391515735,-12.07446983519218,-24.72077050462438,29.805574389526157
rethaw,breeding,state,GTM-1948,Alta Verapaz,20,0.13927671106549622,-1.65474191060834,4.357073635885621,1.4015287110964003,-15.368070187655311,53.18594562343502
rethaw,breeding,state,GTM-1949,Chimaltenango,8,-0.11126835648300548,-2.7021555105352166,3.703330805937009,-1.10712877235577,-23.961736313763904,43.855693643271266
rethaw,breeding,state,GTM-1950,Escuintla,5,-1.288864638373017,-2.149024709597112,0.8438380706490208,-12.16624064322306,-19.52674155395153,8.76612686682563
rethaw,breeding,state,GTM-1951,Guatemala,8,-0.4570018808697026,-1.928936229908308,2.5621477922670906,-4.477172217282755,-17.698289593359128,28.78671626471272
rethaw,breeding,state,GTM-1952,Suchitepéquez,4,-0.10318389633361656,-2.3857647133723745,3.5650929809104963,-1.0270610102363853,-21.452645306875805,41.949541542484226
rethaw,breeding,state,GTM-1953,Sacatepéquez,6,-0.2906995668021162,-3.602073457396316,2.385485830758668,-2.8692611575254268,-30.708984521405867,26.585497870252684
rethaw,breeding,state,GTM-1954,Sololá,6,0.19086478828781855,-3.133501768591809,1.7449492292038935,1.925124814543966,-27.266246435471807,18.88541936270911
rethaw,breeding,state,GTM-1955,Totonicapán,8,-0.34877139963713,-2.5626392111681966,2.978526528204524,-3.4334813327686287,-22.864354100738883,34.111720540861135
rethaw,breeding,state,GTM-1956,El Progreso,7,-0.4804025919753741,-2.871686134234359,2.664500264465325,-4.7014912522471475,-25.27627816354745,30.077737659797776
rethaw,breeding,state,GTM-1957,Santa Rosa,8,-0.208690419796043,-2.892874332276957,2.470956998228379,-2.0674146053960563,-25.43912539470269,27.64620924894201
rethaw,breeding,state,GTM-1959,Izabal,20,-0.29019696434088993,-1.4488541764787604,1.924291255705031,-2.8643649988370767,-13.579498835450751,20.9976685288477
rethaw,breeding,state,GTM-1960,Chiquimula,10,-0.8888790505331281,-2.6520334163274866,0.7060929577799464,-8.541540815988435,-23.569122885573723,7.289561909541775
rethaw,breeding,state,GTM-1961,Jalapa,9,-0.8102888549625638,-1.6738194922855267,1.968121520370706,-7.8137274010734,-15.5321008582888,21.519000019996003
rethaw,breeding,state,GTM-1962,Jutiapa,12,-0.938678050091364,-2.911844195868552,1.4888102211002872,-9.000041885817767,-25.58465198577912,15.92620314589599
rethaw,breeding,state,GTM-1963,Zacapa,10,-0.9244074070426762,-1.5062028727792671,0.29313299152007605,-8.868863533722882,-14.081080521326584,2.970300855303032
rethaw,breeding,state,GTM-3467,Quiché,17,-0.5736677318645502,-3.322428876271152,3.0652947617981656,-5.590827622703587,-28.67244967238023,35.2460209295782
rethaw,breeding,state,HND-637,Atlántida,5,-0.36838751781326506,-1.7257193991951207,1.7045228685462417,-3.6234020377504006,-15.976893680181426,18.413895152101013
rethaw,breeding,state,HND-639,Francisco Morazán,24,0.5995727828310023,-1.7397582729586585,2.2423936589219307,6.160111015183145,-16.09684691447768,24.8274459500162
rethaw,breeding,state,HND-642,Olancho,26,0.6342998333307868,-1.3192008212106987,2.5291410251053357,6.527146334434275,-12.435800815718334,28.37285184452909
rethaw,breeding,state,HND-643,Yoro,19,0.3835993965016668,-1.5973557735280508,2.672505891282825,3.902892709621808,-14.872929665745415,30.179205968011892
rethaw,breeding,state,HND-645,Valle,7,0.35213348772158304,-1.7777896190612883,0.9420020053983832,3.5776611828337357,-16.421026645194658,9.82953362338108
rethaw,breeding,state,HND-646,Comayagua,18,0.32923723001762834,-1.1242815656605991,2.2890867662649006,3.3415817571163853,-10.690733777385974,25.398693754125755
rethaw,breeding,state,HND-647,Cortés,13,0.0943842176118604,-1.968397438873561,3.0631879851467616,0.9478610537695832,-18.0288509820566,35.218377584501745
rethaw,breeding,state,HND-648,Intibucá,11,0.3707182530512873,-1.7316431417342804,3.523348055023569,3.769642307730048,-16.0275270970352,41.37840930590264
rethaw,breeding,state,HND-649,La Paz,10,0.7360951885511147,-1.620485971610547,2.5286072487960904,7.609626459161256,-15.072815003526696,28.366168790218985
rethaw,breeding,state,HND-650,Santa Bárbara,17,0.3863427688109976,-1.9785199980496784,2.9157137449711787,3.9312917088346166,-18.113453532111755,33.29593436573033
rethaw,breeding,state,HND-651,Copán,11,0.8121100623319724,-1.669577937091038,2.895339949806553,8.424405363076627,-15.495656361957876,33.032288909598066
rethaw,breeding,state,HND-652,Lempira,16,0.4717526288109593,-1.8657203359975472,2.8878331791020475,4.818944358157351,-17.166237274768303,32.93526652747263
rethaw,breeding,state,HND-653,Ocotepeque,10,-0.41534894362333213,-1.7128668936499367,1.538838594668667,-4.076711427964408,-15.866941900227538,16.4989245404217
rethaw,breeding,state,HND-661,Choluteca,11,-0.28506601543237403,-2.078269884931475,1.7387439569602066,-2.814368569958003,-18.942952348071916,18.812932819988703
rethaw,breeding,state,HND-662,El Paraíso,21,0.3865508904462122,-0.8789244875889214,1.8393005286527988,3.933446439406896,-8.449639868910586,19.992493301190617
rethaw,breeding,state,HTI-1359,Grand'Anse,5,0.4546512714881484,-1.1636443719163658,2.947068155913671,4.640667996776404,-11.045641154230555,33.702592385354066
rethaw,breeding,state,HTI-1360,Nippes,5,0.0981686528140947,-2.164683662362096,0.6830960418853499,0.9860345883603072,-19.655429069101572,7.044810568088589
rethaw,breeding,state,HTI-1361,Nord-Ouest,7,-0.5262106076384148,-1.042133408878119,0.46998934876685394,-5.139234632290379,-9.945952156734084,4.800550077963561
rethaw,breeding,state,HTI-1362,Sud,9,0.14551330798292617,-1.224994470716262,1.662232296417226,1.4646985028059945,-11.596262437600958,17.922429174811437
rethaw,breeding,state,HTI-1384,L'Artibonite,15,0.14051131050595922,-1.3658137356432796,1.2716059646537812,1.414031019927453,-12.848541438934449,13.468932928240497
rethaw,breeding,state,HTI-1385,Centre,13,0.34048505224040126,-0.4250299027102165,1.1576957096760083,3.457495557656687,-4.169920902439317,12.199075670501893
rethaw,breeding,state,HTI-1386,Nord-Est,4,-0.01031117847483471,-0.7444003689143786,0.7866420503109618,-0.10306395372070563,-7.199530371357998,8.150805595546263
rethaw,breeding,state,HTI-1387,Nord,7,0.4857672929576624,-0.9398541390671348,1.3257221151470933,4.965246646794874,-9.010845126456443,14.076732972970962
rethaw,breeding,state,HTI-1388,Ouest,14,-0.23392143241782903,-0.7345581317397006,0.4674503850780818,-2.31474364074028,-7.107467867405603,4.774069082384069
rethaw,breeding,state,HTI-1389,Sud-Est,11,-0.26359589035330216,-0.7403652352303854,0.6125344115244777,-2.6049104203932028,-7.1617963981710275,6.296971041759969
rethaw,breeding,state,JAM-1370,Clarendon,4,-0.46889081215347017,-1.0854872008738643,0.7415862598994981,-4.591198736409963,-10.339705236846486,7.668298288569386
rethaw,breeding,state,JAM-1371,Hanover,4,-1.174087584295208,-3.5383935777792495,0.7683620589554228,-11.139587119363735,-30.24988923117157,7.9548090876234046
rethaw,breeding,state,JAM-1372,Manchester,4,-0.182567002708027,-0.908620625834368,0.39141175790984545,-1.810743995633857,-8.723550315196238,3.9837835414205935
rethaw,breeding,state,JAM-1373,Saint Elizabeth,4,-0.4814168697028709,-1.2856986026722448,0.24517066490767095,-4.7112033817635846,-12.138065001562492,2.478933147320017
rethaw,breeding,state,JAM-1374,Saint James,4,0.17543094222671604,-1.2900245615181185,0.876477279965967,1.7682236173462762,-12.17656116308694,9.118673483120276
rethaw,breeding,state,JAM-1375,Trelawny,5,0.7213515438630387,-0.7489841547062236,1.1370320690458826,7.452233662687968,-7.242378239468794,11.970095427276828
rethaw,breeding,state,JAM-1376,Westmoreland,3,-1.06776047979208,-1.990106520253107,-0.43268111993097014,-10.17889309985226,-18.21019516210035,-4.243530091082393
rethaw,breeding,state,JAM-1377,Kingston,2,0.5746151209496481,-0.7662323269804404,1.5804580912142303,5.897033138720098,-7.403449523681305,16.977320757824145
rethaw,breeding,state,JAM-1378,Portland,4,0.4593326055769053,-1.835107058690395,1.5785765625470254,4.689442310277192,-16.90747187039847,16.955655386145096
rethaw,breeding,state,JAM-1379,Saint Ann,6,0.30413869821090034,-0.66288739618844,2.3205386853198418,3.0833515372209908,-6.434590298187681,25.784804469907563
rethaw,breeding,state,JAM-1380,Saint Catherine,4,0.1762479341748506,-0.9595479793500172,0.9054839093335834,1.7765237434306025,-9.191576096018006,9.43284619551694
rethaw,breeding,state,JAM-1381,Saint Mary,3,0.2190311269201039,-1.0634220186043857,1.78000333560927,2.2120264346136675,-10.13949620590936,19.295649964378914
rethaw,breeding,state,JAM-1382,Saint Andrew,4,0.2697825339433267,-0.9879353801833176,1.2870124196663926,2.730814258248637,-9.451519657037268,13.64167149991653
rethaw,breeding,state,JAM-1383,Saint Thomas,3,0.6798030752708553,-0.5987357426105757,2.464605750890984,7.009805375927924,-5.828588261162427,27.56711497790181
rethaw,breeding,state,MEX-AG,Aguascalientes,16,0.8891698436867314,-0.24660239910048665,3.5300099247995123,9.256047448310657,-2.4388374410400537,41.46941460633941
rethaw,breeding,state,MEX-BC,Baja California,123,-0.02181101393022827,-1.4548807559472592,1.0755523554315207,-0.21789618961818305,-13.63233198276106,11.291304584327763
rethaw,breeding,state,MEX-BS,Baja California Sur,110,-0.5348315564346751,-1.4831003429803775,0.470826597762248,-5.22141416378874,-13.8793377822773,4.809283775091866
rethaw,breeding,state,MEX-CH,Chihuahua,414,-0.3450829435531745,-1.3078785444981085,1.4897206228553634,-3.39773258182745,-12.335280943055494,15.93660268442607
rethaw,breeding,state,MEX-CL,Colima,16,-0.9492733425778456,-1.8366242691450283,0.4052573171755155,-9.097325792835964,-16.920313537187283,4.127282617452277
rethaw,breeding,state,MEX-CO,Coahuila,267,0.35681692225964556,-0.404287215753143,1.233017025116161,3.626011035466603,-3.9701078656587008,13.03730697356198
rethaw,breeding,state,MEX-CS,Chiapas,84,-0.1501772015832061,-2.557463582536778,2.525884561395398,-1.4916636165675068,-22.82337178204109,28.332084723569896
rethaw,breeding,state,MEX-DF,Distrito Federal,8,-0.15521694521450757,-3.7940730128380937,1.4302917523159673,-1.5413726698415453,-32.07677693115743,15.259504134571756
rethaw,breeding,state,MEX-DG,Durango,221,-0.1763635595730103,-1.3368654360466987,1.9590501032664696,-1.749704373244776,-12.59242119869296,21.41093601776143
rethaw,breeding,state,MEX-GJ,Guanajuato,69,0.4179718291805282,-0.9409284545381288,2.7362693000045493,4.259216174210612,-9.020712493956218,30.989929920100323
rethaw,breeding,state,MEX-GR,Guerrero,114,-0.5886375360948497,-1.9131708955560904,1.2479000719102626,-5.732875472487198,-17.565890397457938,13.20360182644762
rethaw,breeding,state,MEX-HG,Hidalgo,49,0.15539499764854817,-0.8131999821561149,2.258081179878096,1.5648615505536645,-7.840779654919294,25.01910674068737
rethaw,breeding,state,MEX-JA,Jalisco,167,-0.11835820557413788,-1.1837566899916805,1.747056007556869,-1.1772980119020835,-11.226489685098985,18.910038625808426
rethaw,breeding,state,MEX-MI,Michoacán,113,-0.3448846095514439,-1.567943631988853,1.1789125674333325,-3.395809978665276,-14.61814588477266,12.43462471819441
rethaw,breeding,state,MEX-MO,Morelos,17,-0.4155870755308668,-1.554043926470175,0.798914195411453,-4.079005169986461,-14.49750052816534,8.282566097966626
rethaw,breeding,state,MEX-MX,México,55,-0.34122282794948716,-1.4523044887656975,1.691720571307016,-3.360307341226909,-13.60975020817683,18.264923266670085
rethaw,breeding,state,MEX-NA,Nayarit,49,-0.4471404239757093,-2.403835689847857,0.38971674313376226,-4.382498124569622,-21.59793615480372,3.9662281892632434
rethaw,breeding,state,MEX-NL,Nuevo León,134,0.0936161204006152,-0.8764624605045224,0.751596027905086,0.9401148556487772,-8.426897514628461,7.775326253477743
rethaw,breeding,state,MEX-OA,Oaxaca,135,0.43978740553573614,-1.0634235190531736,1.825507216889096,4.485938512716792,-10.13950983394032,19.83007216671058
rethaw,breeding,state,MEX-PU,Puebla,77,-0.12017525725932147,-0.9043561687918812,1.483689043538149,-1.1952744142361138,-8.684261338602106,15.867719468802033
rethaw,breeding,state,MEX-QT,Querétaro,35,0.44363308904337984,-1.0711181216596246,2.587001166244388,4.525951449893495,-10.209372653835036,29.09913922811771
rethaw,breeding,state,MEX-SI,Sinaloa,101,-0.37796685853494266,-1.9336711268566231,0.6931724460341079,-3.7160257445018385,-17.738016445381366,7.151989699211647
rethaw,breeding,state,MEX-SL,San Luis Potosí,127,0.4811761708267757,-1.531124872684121,1.332438287402719,4.917298642741907,-14.298234786084018,14.152369004800637
rethaw,breeding,state,MEX-SO,Sonora,292,-0.4637896272903327,-1.1915522899984374,0.5750681150838783,-4.542288380483706,-11.29649812985376,5.901802901654984
rethaw,breeding,state,MEX-TB,Tabasco,3,-0.9492864809547722,-1.5912794155123184,2.0127111217847156,-9.097446368719076,-14.820349136215116,22.05143688826179
rethaw,breeding,state,MEX-TL,Tlaxcala,13,-0.16087620483838,-1.73223625553114,3.493834535412063,-1.5971653529529783,-16.03259524726347,40.975869629959675
rethaw,breeding,state,MEX-TM,Tamaulipas,149,-0.49743977820896224,-1.1997915934378052,-0.03034426675024035,-4.864511226254997,-11.370437241338117,-0.30302865407105806
rethaw,breeding,state,MEX-VE,Veracruz,59,0.3241523035715397,-1.6076246212620604,2.17204503864141,3.2892177079991036,-14.961722659154365,23.971216110888037
rethaw,breeding,state,MEX-ZA,Zacatecas,156,0.5977180876062028,-0.5974046903841613,2.668338287297574,6.140540522865789,-5.815977292715823,30.126374269419575
rethaw,breeding,state,NIC-644,Atlántico Sur,1,-0.973154448758744,-1.9265433476987883,1.292645240048623,-9.316254288707547,-17.678206205269063,13.704886252397388
rethaw,breeding,state,NIC-654,Carazo,1,-1.3146271167464334,-2.534885354940454,-0.8074793863931988,-12.395207679829056,-22.64436068918953,-7.787613054531295
rethaw,breeding,state,NIC-656,Jinotega,22,0.8745695953922952,-0.1936634685860706,2.9163963625554152,9.098039703881856,-1.9198440600006197,33.30477585953848
rethaw,breeding,state,NIC-657,Atlántico Norte,9,0.23780380464389864,-1.5188027702138849,1.6760601149221157,2.403647887725757,-14.190929732002056,18.082922244211865
rethaw,breeding,state,NIC-658,León,8,-0.3036115276476083,-1.4319639749558917,1.108497874326072,-2.994968359466821,-13.431272661042126,11.654590499052484
rethaw,breeding,state,NIC-659,Managua,4,-0.11603307202104356,-0.8197946309512165,2.108862950357695,-1.1542907757626342,-7.902035375151851,23.206721321911484
rethaw,breeding,state,NIC-660,Masaya,1,-1.3146271167464336,-2.534885354940454,-0.8074793863931988,-12.395207679829056,-22.64436068918953,-7.787613054531295
rethaw,breeding,state,NIC-663,Chinandega,7,-0.3862895290895166,-1.16083216011622,0.24808062915817225,-3.7964335200396992,-11.0203275407714,2.508685103204167
rethaw,breeding,state,NIC-664,Estelí,8,0.6154754699478161,-0.7952753446084534,1.6347216289633724,6.328047361470701,-7.674097732876173,17.603709330149407
rethaw,breeding,state,NIC-665,Madriz,9,0.29655433886375127,-0.9587977334307548,2.197213785898369,3.005432996565638,-9.184696990510488,24.27694173961992
rethaw,breeding,state,NIC-666,Matagalpa,19,0.4484309086714132,-0.5233092849276639,1.8836670626049008,4.5758903515108695,-5.11156324062968,20.516269467165536
rethaw,breeding,state,NIC-667,Nueva Segovia,15,0.5424704814635504,-0.9058397349365024,2.2645178188983777,5.559062140411419,-8.697931345344967,25.097822361394066
rethaw,breeding,state,NIC-668,Boaco,8,0.9024692359791514,0.13573875910837313,2.8670798717974217,9.400156204549436,1.3657089291740254,32.66736861069255
rethaw,breeding,state,NIC-669,Chontales,6,-0.39157173971232784,-1.2141009213494016,1.670210293543844,-3.847435159873591,-11.498716650947861,18.015002107553
rethaw,breeding,state,PAN-1332,Chiriquí,7,1.0210183880353905,-1.5000220197589194,2.1215076235982853,10.69230294453185,-14.027147967365172,23.35937968394981
rethaw,breeding,state,PAN-1958,Bocas del Toro,8,1.0049562450315377,-1.653841725504162,4.699164591122148,10.51643023453428,-15.360323241626494,58.28223133839272
rethaw,breeding,state,PAN-3454,Ngöbe Buglé,5,1.1247543517789895,-1.2255002777153892,4.402485630739035,11.834241488366605,-11.60078931143731,53.853856025614256
rethaw,breeding,state,PRI-5260,Puerto Rico,17,0.7306251134249833,-0.635475487744718,1.3865039583242205,7.55120758501544,-6.176077279766245,14.762890542814633
rethaw,breeding,state,SLV-1343,Ahuachapán,4,1.032681350727078,-0.8479750391529526,2.12958629154452,10.820164565655222,-8.163382114189655,23.457002049174537
rethaw,breeding,state,SLV-1344,Cabañas,4,0.5086616994245747,-1.6963235886097534,2.1442294926614363,5.204641978358926,-15.725225127821307,23.634127270701043
rethaw,breeding,state,SLV-1345,Cuscatlán,5,-1.2283057609721169,-1.738733987716136,-0.3636770074835936,-11.62589405108414,-16.08810026461218,-3.5778261859663263
rethaw,breeding,state,SLV-1346,La Libertad,7,-0.21069712030215057,-1.6802366616362103,2.001705608883009,-2.0871060582054346,-15.58721188223997,21.91982713836915
rethaw,breeding,state,SLV-1347,La Paz,2,-0.8856251973689413,-1.9412031685848088,0.36303372329745776,-8.51151024393032,-17.801176410088683,3.6902221101775767
rethaw,breeding,state,SLV-1348,Sonsonate,5,1.3361778877538804,0.09385686291559876,3.0245956370131037,14.194503107734755,0.9425426668388636,34.71290027724194
rethaw,breeding,state,SLV-1349,San Salvador,5,-0.6819637895323247,-1.56403600812374,0.04849395521134381,-6.614115237027263,-14.584244349819087,0.4859991704345257
rethaw,breeding,state,SLV-1350,La Unión,9,1.1440361118374351,-2.0486708838276564,1.7973956694175377,12.047662246201083,-18.69760601562067,19.49966115534565
rethaw,breeding,state,SLV-1351,Morazán,6,0.4685401022871234,-2.168026458057463,2.0148502495506326,4.785433925286098,-19.682876641725333,22.077032547103983
rethaw,breeding,state,SLV-1352,San Miguel,10,-0.5955180220595329,-1.945094176429784,0.7247375108106965,-5.798099571370163,-17.8337873714035,7.48836152933765
rethaw,breeding,state,SLV-1353,San Vicente,6,-0.8420634050824818,-2.1497683052850407,0.6524463158772686,-8.108612666655068,-19.532856722606898,6.719393148642694
rethaw,breeding,state,SLV-1354,Usulután,5,-0.3635644616083914,-2.1982263076022166,0.8272368293670488,-3.5767370276376664,-19.93046425038384,8.587205110074514
rethaw,breeding,state,SLV-1357,Chalatenango,7,0.44565492659135086,-1.1444903795323988,1.4336331300806482,4.546993464281246,-10.873101632513416,15.29747924381315
rethaw,breeding,state,SLV-1358,Santa Ana,8,-0.8568439364799031,-1.904777325577674,0.5550076979319437,-8.245494584437429,-17.49532200653432,5.690763665428844
rethaw,breeding,state,USA-AK,Alaska,1074,-1.1771724913057526,-3.1625424548159784,-0.4003782695310834,-11.167321506089966,-27.484009108784612,-3.932411264259872
rethaw,breeding,state,USA-AL,Alabama,235,-2.1312619381143705,-3.5808312279933228,-1.057885406719533,-19.38054001307069,-30.556143467956087,-10.089196503711197
rethaw,breeding,state,USA-AR,Arkansas,230,-2.2393543474077777,-2.838945426514853,-1.748790873605181,-20.266539781078578,-25.02401166524439,-16.17394322907819
rethaw,breeding,state,USA-AZ,Arizona,475,-0.3992748684342211,-1.1958486321671655,0.31940308919420457,-3.921768014262173,-11.335060220880813,3.240332355641118
rethaw,breeding,state,USA-CA,California,630,0.10436493446858236,-0.8971659679412707,0.5337281918590487,1.0485644283907414,-8.617982650804745,5.467313162452991
rethaw,breeding,state,USA-CO,Colorado,446,0.6647205348281793,-0.325318168239447,1.5137125987686733,6.84960520986031,-3.205968128224701,16.21096633575043
rethaw,breeding,state,USA-CT,Connecticut,29,-0.2810258102834301,-0.80007562727746,1.3201224524165087,-2.7749841495900984,-7.718762333308837,14.013705305318869
rethaw,breeding,state,USA-DC,District of Columbia,2,1.3182459032217846,0.0700138583728604,2.256318296681512,13.99259059573914,0.7023485803879792,24.997555682517515
rethaw,breeding,state,USA-DE,Delaware,15,-2.193197420772101,-3.994747612802606,-0.8641397591040972,-19.889283625375658,-33.48035287698497,-8.312993238601917
rethaw,breeding,state,USA-FL,Florida,228,-2.2868301449338237,-3.06550052705118,-1.5621742812761563,-20.652906693093858,-26.754032253132433,-14.568088228234
rethaw,breeding,state,USA-GA,Georgia,250,-2.421731004367742,-3.2276761124040108,-1.5934091879960053,-21.74157627572789,-27.970283890641323,-14.838782015819096
rethaw,breeding,state,USA-IA,Iowa,257,-1.05499369916667,-2.2951908200426914,-0.04249138281302517,-10.062915486022453,-20.720772662083263,-0.424102265147297
rethaw,breeding,state,USA-ID,Idaho,392,0.4569223445794136,-0.8572750320684913,0.9119385130114666,4.664327506908061,-8.24948418796907,9.502867068610607
rethaw,breeding,state,USA-IL,Illinois,255,-1.2908357335694929,-2.3799173255313324,-0.2107491343171865,-12.18377799039786,-21.4055803808511,-2.087616416595117
rethaw,breeding,state,USA-IN,Indiana,174,-1.2978792938358588,-2.257352637974818,-0.4264403733173893,-12.24642063137864,-20.413212058225483,-4.183494282808942
rethaw,breeding,state,USA-KS,Kansas,361,0.05489695951708481,-0.8052501617331669,0.7120913727529019,0.5503277366531334,-7.76688740749999,7.353484540473154
rethaw,breeding,state,USA-KY,Kentucky,193,-1.5251599378480225,-1.8051757194638407,-0.7334390744258673,-14.246305197249498,-16.65376753355572,-7.096995205500589
rethaw,breeding,state,USA-LA,Louisiana,193,-2.7786438555465773,-4.07612850000924,-1.662574941439991,-24.55738254007891,-34.042074735194475,-15.43545391060256
rethaw,breeding,state,USA-MA,Massachusetts,43,-0.4667161730009845,-1.611249533370073,0.7281529369006878,-4.570350971629688,-14.993046751123252,7.524814796576362
rethaw,breeding,state,USA-MD,Maryland,69,-1.783692652037286,-2.6617179565742113,-0.9992192088202888,-16.471242988959744,-23.64512515350999,-9.554659583878944
rethaw,breeding,state,USA-ME,Maine,158,0.15009653969123057,-1.4042924299396418,2.143199896308118,1.511144118990693,-13.187936276839883,23.62166572750386
rethaw,breeding,state,USA-MI,Michigan,259,-1.6657304547597551,-2.030200214098702,-1.3236417775414748,-15.462585597512168,-18.54416403382987,-12.47519956864619
rethaw,breeding,state,USA-MN,Minnesota,360,-0.960150027310197,-1.713819306754334,0.24734418958894175,-9.197096015382431,-15.875094130384484,2.5011548885709667
rethaw,breeding,state,USA-MO,Missouri,309,-1.2999520054337474,-2.089352045338538,-0.9763683605740404,-12.26484684889506,-19.03464086911468,-9.34568135956274
rethaw,breeding,state,USA-MS,Mississippi,226,-2.5294300710809727,-3.794091157171668,-1.694524437068158,-22.601052549924848,-32.07690503351132,-15.709799908258471
rethaw,breeding,state,USA-MT,Montana,585,-0.16983679171242425,-1.07804692217738,0.7897769838271874,-1.685446488000686,-10.272240573556068,8.184450237220497
rethaw,breeding,state,USA-NC,North Carolina,232,-1.7618475773912747,-2.7204691468017455,-0.6276056158200647,-16.285273941209276,-24.10473621498538,-6.101740339025108
rethaw,breeding,state,USA-ND,North Dakota,291,0.6244277287626385,-0.3731557441854297,1.5957882988522385,6.422690596464653,-3.669516565851027,17.153979241923256
rethaw,breeding,state,USA-NE,Nebraska,341,0.21425737518532487,-0.4648206116009287,0.7602561220496763,2.1633500247744353,-4.552175316662477,7.868000276154663
rethaw,breeding,state,USA-NH,New Hampshire,58,0.4692143646446755,-1.7893148630061244,1.626529057859763,4.792466475716273,-16.519045167090553,17.50894571760322
rethaw,breeding,state,USA-NJ,New Jersey,39,-1.261932084168598,-1.8143258939946667,-0.883566165528573,-11.926298712271088,-16.731400226095193,-8.49250237295751
rethaw,breeding,state,USA-NM,New Mexico,493,0.00900865335050281,-0.7666384396162895,1.1454300831019848,0.09012306240543388,-7.407238953180917,12.063105658847473
rethaw,breeding,state,USA-NV,Nevada,465,0.03657140057051658,-1.3248425565977122,1.0992577631876177,0.36631645334050944,-12.4858497582345,11.55259346940609
rethaw,breeding,state,USA-NY,New York,234,-0.9673169040287044,-1.5904563048203817,-0.18016075297763431,-9.262782841885976,-14.813224267610616,-1.7870714270744492
rethaw,breeding,state,USA-OH,Ohio,189,-0.9707457425420124,-1.8414555236471697,-0.6515157816495168,-9.294194168431511,-16.961193368678586,-6.3274261161699545
rethaw,breeding,state,USA-OK,Oklahoma,299,-1.032437250758714,-1.7913729123110325,-0.5670836260324553,-9.857675860821304,-16.536537329,-5.528290341662656
rethaw,breeding,state,USA-OR,Oregon,413,-0.29850507481530875,-1.1316587557208715,0.20199446231268323,-2.94527089144061,-10.757345709744047,2.038404667604188
rethaw,breeding,state,USA-PA,Pennsylvania,194,-0.9711793341569112,-1.841362123793362,-0.165283396759053,-9.298165570845384,-16.96040323414163,-1.6405946243512992
rethaw,breeding,state,USA-RI,Rhode Island,10,-1.2685838409038463,-2.3227651960563565,0.6807571289414411,-11.985613956979858,-20.94423157113443,7.0199461835287025
rethaw,breeding,state,USA-SC,South Carolina,130,-2.3396501002338628,-3.1644518118663676,-1.839693094926092,-21.08078449373434,-27.4983059147491,-16.946282613453178
rethaw,breeding,state,USA-SD,South Dakota,329,0.4063254107331291,-0.36469590025467025,1.2747852905950394,4.138360025834387,-3.5876859772656977,13.504560455601112
rethaw,breeding,state,USA-TN,Tennessee,200,-1.3609856250058692,-1.9973255556205471,-0.9226160138958274,-12.805871691437863,-18.270418452537285,-8.85238470451335
rethaw,breeding,state,USA-TX,Texas,1079,-1.0181788094399289,-1.6678357053606148,0.12577573270483405,-9.727721903532716,-15.480682574101722,1.264900046966777
rethaw,breeding,state,USA-UT,Utah,373,0.22107113956470817,-0.7117685925807324,1.4702335816988312,2.232834151960672,-6.893983054709385,15.71418506124802
rethaw,breeding,state,USA-VA,Virginia,187,-1.6654096669689165,-2.2756158594612597,-0.9936365921098544,-15.459827762564329,-20.56179506006792,-9.503644853534244
rethaw,breeding,state,USA-VT,Vermont,59,0.25619439562803575,-1.3843196415611367,0.909324971613952,2.591682655088623,-13.01191843205036,9.474509975459355
rethaw,breeding,state,USA-WA,Washington,287,-0.44897028767492886,-0.9799744872182136,0.2685341036978234,-4.40007195670028,-9.378689378040583,2.7180242564237567
rethaw,breeding,state,USA-WI,Wisconsin,249,-1.5258874827807007,-2.171630535691062,-1.0201636134745036,-14.252640581178044,-19.712460136223807,-9.74582185490168
rethaw,breeding,state,USA-WV,West Virginia,131,-1.026258991496007,-2.0444863906439052,0.4655823930133944,-9.801386798882527,-18.662866852201077,4.754590061633968
rethaw,breeding,state,USA-WY,Wyoming,424,0.6633128787397364,-0.9542396170822416,1.4715272027986963,6.834664719061023,-9.142892928450175,15.728938047815122
rethaw,breeding,state,VGB-001,British Virgin Islands,2,-0.1314871505582096,-1.5259791610659796,4.103488644112289,-1.3071187302403198,-14.253438876054169,49.50400787733742
rethaw,breeding,state,VIR-4869,Saint John,1,-0.1415377729007482,-1.5213566080759953,3.5617478639583724,-1.4063968463670418,-14.213179347933869,41.90369899137983
rethaw,breeding,state,VIR-4870,Saint Croix,1,-0.1215117982548618,-2.6903801513816075,1.7957509210450902,-1.2084951637628238,-23.869661750781702,19.480354906672616
